{
  "id": "msp430-watchpoint",
  "name": "Hardware Watchpoint (Read or Write)",
  "devices": [
    {
      "family": "430",
      "subFamily": ".*",
      "revision": ".*"
    }
  ],
  "instances": [
    {
      "type": 1,
      "defaults": [
        {
          "id": "Hardware Configuration.Type",
          "value": "Watchpoint"
        }
      ],
      "properties": [
        {
          "type": "string",
          "id": "Hardware Configuration.Type.Trigger 0.Location",
          "label": "Location",
          "placeHolder": "Enter location to watch",
          "helpText": "The memory location to watch, it can be a memory address or a symbol",
          "isCommon": true
        },
        {
          "type": "select",
          "id": "Hardware Configuration.Type.Trigger 0.Access",
          "label": "Access Type",
          "helpText": "Watch access type",
          "selectOptions": [
            "Read",
            "Write"
          ],
          "defaultValue": "Read",
          "isCommon": true
        }
      ],
      "presentation": {
        "mainPropertyId": "Hardware Configuration.Type.Trigger 0.Location",
        "infoPropertyId": "Hardware Configuration.Type.Trigger 0.Access"
      }
    }
  ],
  "capabilities": {
    "menu": true
  }
}
