<?xml version="1.0" encoding="UTF-8"?>
<module id="PMUD" HW_revision="" XML_version="1.0" description="Digital control signals for VDDR regulator and Battery Monitor" xmlns:xsi="http://www.w3.org/2001/XMLSchema-instance" xsi:noNamespaceSchemaLocation="setup_parser.xsd">
   <register acronym="CTL" width="32" description="Control
General Configuration of BATMON

" id="CTL" offset="0x0">
      <bitfield range="" begin="31" width="29" end="3" rwaccess="RO" description="Software should not rely on the value of a reserved. Writing any other value than the reset value may result in undefined behavior." id="RESERVED3" resetval="0x0">
      </bitfield>
      <bitfield range="" begin="2" width="1" end="2" rwaccess="RW" description="Enables hysteresis on both battery and temperature measurements." id="HYST_EN" resetval="0x1">
         <bitenum id="EN" value="1" token="Enable" description="Enable"/>
         <bitenum id="DIS" value="0" token="Disable" description="Disable"/>
      </bitfield>
      <bitfield range="" begin="1" width="1" end="1" rwaccess="RW" description="Configuration of the calculation block that converts the digital battery/temperature level to a Volt/Celsius value.

" id="CALC_EN" resetval="0x0">
         <bitenum id="EN" value="1" token="Calculation enabled" description="Calculation enabled"/>
         <bitenum id="DIS" value="0" token="Calculation disabled" description="Calculation disabled"/>
      </bitfield>
      <bitfield range="" begin="0" width="1" end="0" rwaccess="RW" description="Configuration of the measurement block that interfaces with the analog domain.

" id="MEAS_EN" resetval="0x0">
         <bitenum id="EN" value="1" token="Measurements enabled (battery voltage and temperature)" description="Measurements enabled (battery voltage and temperature)"/>
         <bitenum id="DIS" value="0" token="Measurements disabled" description="Measurements disabled"/>
      </bitfield>
   </register>
   <register acronym="MEASCFG" width="32" description="Internal. Only to be used through TI provided API." id="MEASCFG" offset="0x4">
      <bitfield range="" begin="31" width="30" end="2" rwaccess="RO" description="Internal. Only to be used through TI provided API." id="RESERVED2" resetval="0x0">
      </bitfield>
      <bitfield range="" begin="1" width="2" end="0" rwaccess="RW" description="Internal. Only to be used through TI provided API." id="PER" resetval="0x0">
         <bitenum id="_32CYC" value="3" token="Internal. Only to be used through TI provided API." description="Internal. Only to be used through TI provided API."/>
         <bitenum id="_16CYC" value="2" token="Internal. Only to be used through TI provided API." description="Internal. Only to be used through TI provided API."/>
         <bitenum id="_8CYC" value="1" token="Internal. Only to be used through TI provided API." description="Internal. Only to be used through TI provided API."/>
         <bitenum id="CONT" value="0" token="Internal. Only to be used through TI provided API." description="Internal. Only to be used through TI provided API."/>
      </bitfield>
   </register>
   <register acronym="BAT" width="32" description="Last Measured Battery Voltage

This register should be read when BATUPD.STA = 1

" id="BAT" offset="0x28">
      <bitfield range="" begin="31" width="21" end="11" rwaccess="RO" description="Software should not rely on the value of a reserved. Writing any other value than the reset value may result in undefined behavior." id="RESERVED11" resetval="0x0">
      </bitfield>
      <bitfield range="" begin="10" width="3" end="8" rwaccess="RO" description="Integer part:

0x0: Battery voltage = 0V + fractional part
...
0x3: Battery voltage = 3V + fractional part
0x4: Battery voltage = 4V + fractional part

" id="INT" resetval="0x0">
      </bitfield>
      <bitfield range="" begin="7" width="8" end="0" rwaccess="RO" description="Fractional part, standard binary fractional encoding.

0x00: .0V
...
0x20: 1/8 = .125V
0x40: 1/4 = .25V
0x80: 1/2 = .5V
...
0xA0: 1/2 + 1/8 = .625V
...
0xFF: 1/2 + 1/4 + 1/8 + ... + 1/256 = 0.99V

" id="FRAC" resetval="0x0">
      </bitfield>
   </register>
   <register acronym="BATUPD" width="32" description="Battery Update

Indicates BAT Updates

" id="BATUPD" offset="0x2c">
      <bitfield range="" begin="31" width="31" end="1" rwaccess="RO" description="Software should not rely on the value of a reserved. Writing any other value than the reset value may result in undefined behavior." id="RESERVED1" resetval="0x0">
      </bitfield>
      <bitfield range="" begin="0" width="1" end="0" rwaccess="RW" description="Battery update status. Write 1 to clear the status.

" id="STA" resetval="0x0">
         <bitenum id="UPD" value="1" token="New battery voltage present" description="New battery voltage present"/>
         <bitenum id="NOUPD" value="0" token="No update since last clear" description="No update since last clear"/>
      </bitfield>
   </register>
   <register acronym="TEMP" width="32" description="Last measured Temperature in Degree Celsius

This register should be read when TEMPUPD.STA = 1.

" id="TEMP" offset="0x30">
      <bitfield range="" begin="31" width="15" end="17" rwaccess="RO" description="Software should not rely on the value of a reserved. Writing any other value than the reset value may result in undefined behavior." id="RESERVED17" resetval="0x0">
      </bitfield>
      <bitfield range="" begin="16" width="9" end="8" rwaccess="RO" description="Integer part of temperature value  (signed) 
Total value = INT + FRAC
2&#39;s complement encoding

0x100: Min value (-256°C)
0x1D8: -40°C
0x1FF: -1°C
0x00: 0°C
0x1B: 27°C
0x55: 85°C
0xFF: Max value (255°C)

" id="INT" resetval="0x0">
      </bitfield>
      <bitfield range="" begin="7" width="2" end="6" rwaccess="RO" description="Fractional part of temperature value.
Total value = INT + FRAC
The encoding is an extension of the 2&#39;s complement encoding.

00: 0.0°C
01: 0.25°C
10: 0.5°C
11: 0.75°C

For example:
000000001,00 = ( 1+0,00) =  1,00
000000000,11 = ( 0+0,75) =  0,75
000000000,10 = ( 0+0,50) =  0,50
000000000,01 = ( 0+0,25) =  0,25
000000000,00 = ( 0+0,00) =  0,00
111111111,11 = (-1+0,75) = -0,25
111111111,10 = (-1+0,50) = -0,50
111111111,01 = (-1+0,25) = -0,75
111111111,00 = (-1+0,00) = -1,00
111111110,11 = (-2+0,75) = -1,25

" id="FRAC" resetval="0x0">
      </bitfield>
      <bitfield range="" begin="5" width="6" end="0" rwaccess="RO" description="Software should not rely on the value of a reserved. Writing any other value than the reset value may result in undefined behavior." id="RESERVED0" resetval="0x0">
      </bitfield>
   </register>
   <register acronym="TEMPUPD" width="32" description="Temperature Update

Indicates TEMP Updates

" id="TEMPUPD" offset="0x34">
      <bitfield range="" begin="31" width="31" end="1" rwaccess="RO" description="Software should not rely on the value of a reserved. Writing any other value than the reset value may result in undefined behavior." id="RESERVED1" resetval="0x0">
      </bitfield>
      <bitfield range="" begin="0" width="1" end="0" rwaccess="RW" description="Temperature update status. Write 1 to clear the status.
" id="STA" resetval="0x0">
         <bitenum id="UPD" value="1" token="New temperature value present" description="New temperature value present"/>
         <bitenum id="NOUPD" value="0" token="No temperature update since last clear" description="No temperature update since last clear"/>
      </bitfield>
   </register>
   <register acronym="EVENTMASK" width="32" description="Event Mask" id="EVENTMASK" offset="0x48">
      <bitfield range="" begin="31" width="26" end="6" rwaccess="RO" description="Software should not rely on the value of a reserved. Writing any other value than the reset value may result in undefined behavior." id="RESERVED6" resetval="0x0">
      </bitfield>
      <bitfield range="" begin="5" width="1" end="5" rwaccess="RW" description="1: EVENT.TEMP_UPDATE contributes to combined event from BATMON
0: EVENT.TEMP_UPDATE does not contribute to combined event from BATMON

" id="TEMP_UPDATE_MASK" resetval="0x0">
      </bitfield>
      <bitfield range="" begin="4" width="1" end="4" rwaccess="RW" description="1: EVENT.BATT_UPDATE contributes to combined event from BATMON
0: EVENT.BATT_UPDATE does not contribute to combined event from BATMON

" id="BATT_UPDATE_MASK" resetval="0x0">
      </bitfield>
      <bitfield range="" begin="3" width="1" end="3" rwaccess="RW" description="1: EVENT.TEMP_BELOW_LL contributes to combined event from BATMON
0: EVENT.TEMP_BELOW_LL does not contribute to combined event from BATMON

" id="TEMP_BELOW_LL_MASK" resetval="0x0">
      </bitfield>
      <bitfield range="" begin="2" width="1" end="2" rwaccess="RW" description="1: EVENT.TEMP_OVER_UL contributes to combined event from BATMON
0: EVENT.TEMP_OVER_UL does not contribute to combined event from BATMON

" id="TEMP_OVER_UL_MASK" resetval="0x0">
      </bitfield>
      <bitfield range="" begin="1" width="1" end="1" rwaccess="RW" description="1: EVENT.BATT_BELOW_LL contributes to combined event from BATMON
0: EVENT.BATT_BELOW_LL does not contribute to combined event from BATMON

" id="BATT_BELOW_LL_MASK" resetval="0x0">
      </bitfield>
      <bitfield range="" begin="0" width="1" end="0" rwaccess="RW" description="1: EVENT.BATT_OVER_UL contributes to combined event from BATMON
0: EVENT.BATT_OVER_UL does not contribute to combined event from BATMON

" id="BATT_OVER_UL_MASK" resetval="0x0">
      </bitfield>
   </register>
   <register acronym="EVENT" width="32" description="Event" id="EVENT" offset="0x4c">
      <bitfield range="" begin="31" width="26" end="6" rwaccess="RO" description="Software should not rely on the value of a reserved. Writing any other value than the reset value may result in undefined behavior." id="RESERVED6" resetval="0x0">
      </bitfield>
      <bitfield range="" begin="5" width="1" end="5" rwaccess="RW" description="Alias to TEMPUPD.STA

" id="TEMP_UPDATE" resetval="0x0">
      </bitfield>
      <bitfield range="" begin="4" width="1" end="4" rwaccess="RW" description="Alias to BATUPD.STA

" id="BATT_UPDATE" resetval="0x0">
      </bitfield>
      <bitfield range="" begin="3" width="1" end="3" rwaccess="RW" description="Read:
1: Temperature level is below the lower limit set by TEMPLL.
0: Temperature level is not below the lower limit set by TEMPLL.
Write:
1: Clears the flag
0: No change in the flag

" id="TEMP_BELOW_LL" resetval="0x0">
      </bitfield>
      <bitfield range="" begin="2" width="1" end="2" rwaccess="RW" description="Read:
1: Temperature level is above the upper limit set by TEMPUL.
0: Temperature level is not above the upper limit set by TEMPUL.
Write:
1: Clears the flag
0: No change in the flag

" id="TEMP_OVER_UL" resetval="0x0">
      </bitfield>
      <bitfield range="" begin="1" width="1" end="1" rwaccess="RW" description="Read:
1: Battery level is below the lower limit set by BATTLL.
0: Battery level is not below the lower limit set by BATTLL.
Write:
1: Clears the flag
0: No change in the flag

" id="BATT_BELOW_LL" resetval="0x0">
      </bitfield>
      <bitfield range="" begin="0" width="1" end="0" rwaccess="RW" description="Read:
1: Battery level is above the upper limit set by BATTUL.
0: Battery level is not above the upper limit set by BATTUL.
Write:
1: Clears the flag
0: No change in the flag

" id="BATT_OVER_UL" resetval="0x0">
      </bitfield>
   </register>
   <register acronym="BATTUL" width="32" description="Battery Upper Limit

Total battery voltage = INT + FRAC
It is a sum of integer and fractional parts" id="BATTUL" offset="0x50">
      <bitfield range="" begin="31" width="21" end="11" rwaccess="RO" description="Software should not rely on the value of a reserved. Writing any other value than the reset value may result in undefined behavior." id="RESERVED11" resetval="0x0">
      </bitfield>
      <bitfield range="" begin="10" width="3" end="8" rwaccess="RW" description="Integer part:
Total battery voltage = INT + FRAC (integer and fractional part)

0x0: Battery voltage = 0V + fractional part
...
0x3: Battery voltage =  3V + fractional part
0x4: Battery voltage =  4V + fractional part

" id="INT" resetval="0x7">
      </bitfield>
      <bitfield range="" begin="7" width="8" end="0" rwaccess="RW" description="Fractional part, standard binary fractional encoding.

0x00: .0V
...
0x20: 1/8 = .125V
0x40: 1/4 = .25V
0x80: 1/2 = .5V
...
0xA0: 1/2 + 1/8 = .625V
...
0xFF: 1/2 + 1/4 + 1/8 + ... + 1/256 = 0.99V

" id="FRAC" resetval="0xff">
      </bitfield>
   </register>
   <register acronym="BATTLL" width="32" description="Battery Lower Limit

Total battery voltage = INT + FRAC
It is a sum of integer and fractional parts" id="BATTLL" offset="0x54">
      <bitfield range="" begin="31" width="21" end="11" rwaccess="RO" description="Software should not rely on the value of a reserved. Writing any other value than the reset value may result in undefined behavior." id="RESERVED11" resetval="0x0">
      </bitfield>
      <bitfield range="" begin="10" width="3" end="8" rwaccess="RW" description="Integer part:
Total battery voltage = INT + FRAC (integer and fractional part)

0x0: Battery voltage = 0V + fractional part
...
0x3: Battery voltage =  3V + fractional part
0x4: Battery voltage =  4V + fractional part

" id="INT" resetval="0x0">
      </bitfield>
      <bitfield range="" begin="7" width="8" end="0" rwaccess="RW" description="Fractional part, standard binary fractional encoding.

0x00: .0V
...
0x20: 1/8 = .125V
0x40: 1/4 = .25V
0x80: 1/2 = .5V
...
0xA0: 1/2 + 1/8 = .625V
...
0xFF: 1/2 + 1/4 + 1/8 + ... + 1/256 = 0.99V

" id="FRAC" resetval="0x0">
      </bitfield>
   </register>
   <register acronym="TEMPUL" width="32" description="Temperature Upper Limit" id="TEMPUL" offset="0x58">
      <bitfield range="" begin="31" width="15" end="17" rwaccess="RO" description="Software should not rely on the value of a reserved. Writing any other value than the reset value may result in undefined behavior." id="RESERVED17" resetval="0x0">
      </bitfield>
      <bitfield range="" begin="16" width="9" end="8" rwaccess="RW" description="Integer part (signed) of temperature upper limit. 
Total value = INT + FRAC
2&#39;s complement encoding

0x100: Min value (-256°C)
0x1D8: -40°C
0x1FF: -1°C
0x00: 0°C
0x1B: 27°C
0x55: 85°C
0xFF: Max value (255°C)

" id="INT" resetval="0xff">
      </bitfield>
      <bitfield range="" begin="7" width="2" end="6" rwaccess="RW" description="Fractional part of temperature upper limit.
Total value = INT + FRAC
The encoding is an extension of the 2&#39;s complement encoding.

00: 0.0°C
01: 0.25°C
10: 0.5°C
11: 0.75°C

For example:
000000001,00 = ( 1+0,00) =  1,00
000000000,11 = ( 0+0,75) =  0,75
000000000,10 = ( 0+0,50) =  0,50
000000000,01 = ( 0+0,25) =  0,25
000000000,00 = ( 0+0,00) =  0,00
111111111,11 = (-1+0,75) = -0,25
111111111,10 = (-1+0,50) = -0,50
111111111,01 = (-1+0,25) = -0,75
111111111,00 = (-1+0,00) = -1,00
111111110,11 = (-2+0,75) = -1,25

" id="FRAC" resetval="0x3">
      </bitfield>
      <bitfield range="" begin="5" width="6" end="0" rwaccess="RO" description="Software should not rely on the value of a reserved. Writing any other value than the reset value may result in undefined behavior." id="RESERVED0" resetval="0x0">
      </bitfield>
   </register>
   <register acronym="TEMPLL" width="32" description="Temperature Lower Limit" id="TEMPLL" offset="0x5c">
      <bitfield range="" begin="31" width="15" end="17" rwaccess="RO" description="Software should not rely on the value of a reserved. Writing any other value than the reset value may result in undefined behavior." id="RESERVED17" resetval="0x0">
      </bitfield>
      <bitfield range="" begin="16" width="9" end="8" rwaccess="RW" description="Integer part (signed) of temperature lower limit. 
Total value = INT + FRAC
2&#39;s complement encoding

0x100: Min value (-256°C)
0x1D8: -40°C
0x1FF: -1°C
0x00: 0°C
0x1B: 27°C
0x55: 85°C
0xFF: Max value (255°C)

" id="INT" resetval="0x100">
      </bitfield>
      <bitfield range="" begin="7" width="2" end="6" rwaccess="RW" description="Fractional part of temperature lower limit.
Total value = INT + FRAC
The encoding is an extension of the 2&#39;s complement encoding.

00: 0.0°C
01: 0.25°C
10: 0.5°C
11: 0.75°C

For example:
000000001,00 = ( 1+0,00) =  1,00
000000000,11 = ( 0+0,75) =  0,75
000000000,10 = ( 0+0,50) =  0,50
000000000,01 = ( 0+0,25) =  0,25
000000000,00 = ( 0+0,00) =  0,00
111111111,11 = (-1+0,75) = -0,25
111111111,10 = (-1+0,50) = -0,50
111111111,01 = (-1+0,25) = -0,75
111111111,00 = (-1+0,00) = -1,00
111111110,11 = (-2+0,75) = -1,25

" id="FRAC" resetval="0x0">
      </bitfield>
      <bitfield range="" begin="5" width="6" end="0" rwaccess="RO" description="Software should not rely on the value of a reserved. Writing any other value than the reset value may result in undefined behavior." id="RESERVED0" resetval="0x0">
      </bitfield>
   </register>
   <register acronym="PREFSYS" width="32" description="Internal. Only to be used through TI provided API." id="PREFSYS" offset="0x80">
      <bitfield range="" begin="31" width="16" end="16" rwaccess="RO" description="Internal. Only to be used through TI provided API." id="RESERVED16" resetval="0x0">
      </bitfield>
      <bitfield range="" begin="15" width="5" end="11" rwaccess="RW" description="Internal. Only to be used through TI provided API." id="SPARE" resetval="0x0">
      </bitfield>
      <bitfield range="" begin="10" width="1" end="10" rwaccess="RW" description="Internal. Only to be used through TI provided API." id="TEST10" resetval="0x0">
         <bitenum id="SET" value="1" token="Internal. Only to be used through TI provided API." description="Internal. Only to be used through TI provided API."/>
         <bitenum id="CLR" value="0" token="Internal. Only to be used through TI provided API." description="Internal. Only to be used through TI provided API."/>
      </bitfield>
      <bitfield range="" begin="9" width="1" end="9" rwaccess="RW" description="Internal. Only to be used through TI provided API." id="TEST9" resetval="0x0">
         <bitenum id="SET" value="1" token="Internal. Only to be used through TI provided API." description="Internal. Only to be used through TI provided API."/>
         <bitenum id="CLR" value="0" token="Internal. Only to be used through TI provided API." description="Internal. Only to be used through TI provided API."/>
      </bitfield>
      <bitfield range="" begin="8" width="1" end="8" rwaccess="RW" description="Internal. Only to be used through TI provided API." id="TEST8" resetval="0x0">
         <bitenum id="SET" value="1" token="Internal. Only to be used through TI provided API." description="Internal. Only to be used through TI provided API."/>
         <bitenum id="CLR" value="0" token="Internal. Only to be used through TI provided API." description="Internal. Only to be used through TI provided API."/>
      </bitfield>
      <bitfield range="" begin="7" width="1" end="7" rwaccess="RW" description="Internal. Only to be used through TI provided API." id="TEST7" resetval="0x0">
         <bitenum id="SET" value="1" token="Internal. Only to be used through TI provided API." description="Internal. Only to be used through TI provided API."/>
         <bitenum id="CLR" value="0" token="Internal. Only to be used through TI provided API." description="Internal. Only to be used through TI provided API."/>
      </bitfield>
      <bitfield range="" begin="6" width="1" end="6" rwaccess="RW" description="Internal. Only to be used through TI provided API." id="TEST6" resetval="0x0">
         <bitenum id="SET" value="1" token="Internal. Only to be used through TI provided API." description="Internal. Only to be used through TI provided API."/>
         <bitenum id="CLR" value="0" token="Internal. Only to be used through TI provided API." description="Internal. Only to be used through TI provided API."/>
      </bitfield>
      <bitfield range="" begin="5" width="1" end="5" rwaccess="RW" description="Internal. Only to be used through TI provided API." id="TEST5" resetval="0x0">
         <bitenum id="SET" value="1" token="Internal. Only to be used through TI provided API." description="Internal. Only to be used through TI provided API."/>
         <bitenum id="CLR" value="0" token="Internal. Only to be used through TI provided API." description="Internal. Only to be used through TI provided API."/>
      </bitfield>
      <bitfield range="" begin="4" width="1" end="4" rwaccess="RW" description="Internal. Only to be used through TI provided API." id="TEST4" resetval="0x0">
         <bitenum id="SET" value="1" token="Internal. Only to be used through TI provided API." description="Internal. Only to be used through TI provided API."/>
         <bitenum id="CLR" value="0" token="Internal. Only to be used through TI provided API." description="Internal. Only to be used through TI provided API."/>
      </bitfield>
      <bitfield range="" begin="3" width="1" end="3" rwaccess="RW" description="Internal. Only to be used through TI provided API." id="TEST3" resetval="0x0">
         <bitenum id="SET" value="1" token="Internal. Only to be used through TI provided API." description="Internal. Only to be used through TI provided API."/>
         <bitenum id="CLR" value="0" token="Internal. Only to be used through TI provided API." description="Internal. Only to be used through TI provided API."/>
      </bitfield>
      <bitfield range="" begin="2" width="1" end="2" rwaccess="RW" description="Internal. Only to be used through TI provided API." id="TEST2" resetval="0x0">
         <bitenum id="SET" value="1" token="Internal. Only to be used through TI provided API." description="Internal. Only to be used through TI provided API."/>
         <bitenum id="CLR" value="0" token="Internal. Only to be used through TI provided API." description="Internal. Only to be used through TI provided API."/>
      </bitfield>
      <bitfield range="" begin="1" width="1" end="1" rwaccess="RW" description="Internal. Only to be used through TI provided API." id="TEST1" resetval="0x0">
         <bitenum id="SET" value="1" token="Internal. Only to be used through TI provided API." description="Internal. Only to be used through TI provided API."/>
         <bitenum id="CLR" value="0" token="Internal. Only to be used through TI provided API." description="Internal. Only to be used through TI provided API."/>
      </bitfield>
      <bitfield range="" begin="0" width="1" end="0" rwaccess="RW" description="Internal. Only to be used through TI provided API." id="TEST0" resetval="0x0">
         <bitenum id="SET" value="1" token="Internal. Only to be used through TI provided API." description="Internal. Only to be used through TI provided API."/>
         <bitenum id="CLR" value="0" token="Internal. Only to be used through TI provided API." description="Internal. Only to be used through TI provided API."/>
      </bitfield>
   </register>
   <register acronym="PREG0" width="32" description="Internal. Only to be used through TI provided API." id="PREG0" offset="0x90">
      <bitfield range="" begin="31" width="20" end="12" rwaccess="RO" description="Internal. Only to be used through TI provided API." id="RESERVED12" resetval="0x0">
      </bitfield>
      <bitfield range="" begin="11" width="1" end="11" rwaccess="RW" description="Internal. Only to be used through TI provided API." id="LOW_IPEAK_DIS" resetval="0x0">
         <bitenum id="SET" value="1" token="Internal. Only to be used through TI provided API." description="Internal. Only to be used through TI provided API."/>
         <bitenum id="CLR" value="0" token="Internal. Only to be used through TI provided API." description="Internal. Only to be used through TI provided API."/>
      </bitfield>
      <bitfield range="" begin="10" width="1" end="10" rwaccess="RW" description="Internal. Only to be used through TI provided API." id="SOCLDO_ITESTEN" resetval="0x0">
         <bitenum id="EN" value="1" token="Internal. Only to be used through TI provided API." description="Internal. Only to be used through TI provided API."/>
         <bitenum id="DIS" value="0" token="Internal. Only to be used through TI provided API." description="Internal. Only to be used through TI provided API."/>
      </bitfield>
      <bitfield range="" begin="9" width="3" end="7" rwaccess="RW" description="Internal. Only to be used through TI provided API." id="SOCLDO_ATBSEL" resetval="0x0">
         <bitenum id="VDD_AON" value="4" token="Internal. Only to be used through TI provided API." description="Internal. Only to be used through TI provided API."/>
         <bitenum id="SOCLDO_VREF_AMP_OUT" value="2" token="Internal. Only to be used through TI provided API." description="Internal. Only to be used through TI provided API."/>
         <bitenum id="SOCLDO_ITEST" value="1" token="Internal. Only to be used through TI provided API." description="Internal. Only to be used through TI provided API."/>
         <bitenum id="NC" value="0" token="Internal. Only to be used through TI provided API." description="Internal. Only to be used through TI provided API."/>
      </bitfield>
      <bitfield range="" begin="6" width="2" end="5" rwaccess="RW" description="Internal. Only to be used through TI provided API." id="UDIGLDO_ATBSEL" resetval="0x0">
         <bitenum id="VAL3" value="3" token="Internal. Only to be used through TI provided API." description="Internal. Only to be used through TI provided API."/>
         <bitenum id="VAL2" value="2" token="Internal. Only to be used through TI provided API." description="Internal. Only to be used through TI provided API."/>
         <bitenum id="VAL1" value="1" token="Internal. Only to be used through TI provided API." description="Internal. Only to be used through TI provided API."/>
         <bitenum id="VAL0" value="0" token="Internal. Only to be used through TI provided API." description="Internal. Only to be used through TI provided API."/>
      </bitfield>
      <bitfield range="" begin="4" width="3" end="2" rwaccess="RW" description="Internal. Only to be used through TI provided API." id="DIGLDO_ATBSEL" resetval="0x0">
         <bitenum id="VAL4" value="4" token="Internal. Only to be used through TI provided API." description="Internal. Only to be used through TI provided API."/>
         <bitenum id="VAL2" value="2" token="Internal. Only to be used through TI provided API." description="Internal. Only to be used through TI provided API."/>
         <bitenum id="VAL1" value="1" token="Internal. Only to be used through TI provided API." description="Internal. Only to be used through TI provided API."/>
         <bitenum id="VAL0" value="0" token="Internal. Only to be used through TI provided API." description="Internal. Only to be used through TI provided API."/>
      </bitfield>
      <bitfield range="" begin="1" width="1" end="1" rwaccess="RW" description="Internal. Only to be used through TI provided API." id="SPARE" resetval="0x0">
      </bitfield>
      <bitfield range="" begin="0" width="1" end="0" rwaccess="RW" description="Internal. Only to be used through TI provided API." id="UDIGLDO_EN" resetval="0x0">
         <bitenum id="EN" value="1" token="Internal. Only to be used through TI provided API." description="Internal. Only to be used through TI provided API."/>
         <bitenum id="DIS" value="0" token="Internal. Only to be used through TI provided API." description="Internal. Only to be used through TI provided API."/>
      </bitfield>
   </register>
   <register acronym="PREG1" width="32" description="Internal. Only to be used through TI provided API." id="PREG1" offset="0x94">
      <bitfield range="" begin="31" width="12" end="20" rwaccess="RO" description="Internal. Only to be used through TI provided API." id="RESERVED20" resetval="0x0">
      </bitfield>
      <bitfield range="" begin="19" width="1" end="19" rwaccess="RW" description="Internal. Only to be used through TI provided API." id="TEST_DCDC_NMOS" resetval="0x0">
         <bitenum id="EN" value="1" token="Internal. Only to be used through TI provided API." description="Internal. Only to be used through TI provided API."/>
         <bitenum id="DIS" value="0" token="Internal. Only to be used through TI provided API." description="Internal. Only to be used through TI provided API."/>
      </bitfield>
      <bitfield range="" begin="18" width="1" end="18" rwaccess="RW" description="Internal. Only to be used through TI provided API." id="TEST_DCDC_PMOS" resetval="0x0">
         <bitenum id="EN" value="1" token="Internal. Only to be used through TI provided API." description="Internal. Only to be used through TI provided API."/>
         <bitenum id="DIS" value="0" token="Internal. Only to be used through TI provided API." description="Internal. Only to be used through TI provided API."/>
      </bitfield>
      <bitfield range="" begin="17" width="1" end="17" rwaccess="RW" description="Internal. Only to be used through TI provided API." id="DITHER_EN" resetval="0x0">
         <bitenum id="EN" value="1" token="Internal. Only to be used through TI provided API." description="Internal. Only to be used through TI provided API."/>
         <bitenum id="DIS" value="0" token="Internal. Only to be used through TI provided API." description="Internal. Only to be used through TI provided API."/>
      </bitfield>
      <bitfield range="" begin="16" width="1" end="16" rwaccess="RW" description="Internal. Only to be used through TI provided API." id="GLDO_AON" resetval="0x0">
         <bitenum id="EN" value="1" token="Internal. Only to be used through TI provided API." description="Internal. Only to be used through TI provided API."/>
         <bitenum id="DIS" value="0" token="Internal. Only to be used through TI provided API." description="Internal. Only to be used through TI provided API."/>
      </bitfield>
      <bitfield range="" begin="15" width="1" end="15" rwaccess="RW" description="Internal. Only to be used through TI provided API." id="RCHG_BLK_VTRIG_EN" resetval="0x0">
         <bitenum id="EN" value="1" token="Internal. Only to be used through TI provided API." description="Internal. Only to be used through TI provided API."/>
         <bitenum id="DIS" value="0" token="Internal. Only to be used through TI provided API." description="Internal. Only to be used through TI provided API."/>
      </bitfield>
      <bitfield range="" begin="14" width="1" end="14" rwaccess="RW" description="Internal. Only to be used through TI provided API." id="RCHG_BLK_ATEST_EN" resetval="0x0">
         <bitenum id="EN" value="1" token="Internal. Only to be used through TI provided API." description="Internal. Only to be used through TI provided API."/>
         <bitenum id="DIS" value="0" token="Internal. Only to be used through TI provided API." description="Internal. Only to be used through TI provided API."/>
      </bitfield>
      <bitfield range="" begin="13" width="1" end="13" rwaccess="RW" description="Internal. Only to be used through TI provided API." id="RCHG_FORCE_SAMP_VREF" resetval="0x0">
         <bitenum id="EN" value="1" token="Internal. Only to be used through TI provided API." description="Internal. Only to be used through TI provided API."/>
         <bitenum id="DIS" value="0" token="Internal. Only to be used through TI provided API." description="Internal. Only to be used through TI provided API."/>
      </bitfield>
      <bitfield range="" begin="12" width="1" end="12" rwaccess="RW" description="Internal. Only to be used through TI provided API." id="RCHG_COMP_CLK_DIS" resetval="0x0">
         <bitenum id="DIS" value="1" token="Internal. Only to be used through TI provided API." description="Internal. Only to be used through TI provided API."/>
         <bitenum id="EN" value="0" token="Internal. Only to be used through TI provided API." description="Internal. Only to be used through TI provided API."/>
      </bitfield>
      <bitfield range="" begin="11" width="4" end="8" rwaccess="RO" description="Internal. Only to be used through TI provided API." id="RESERVED8" resetval="0x0">
      </bitfield>
      <bitfield range="" begin="7" width="1" end="7" rwaccess="RW" description="Internal. Only to be used through TI provided API." id="SPARE" resetval="0x0">
      </bitfield>
      <bitfield range="" begin="6" width="1" end="6" rwaccess="RW" description="Internal. Only to be used through TI provided API." id="VDDR_ATBSEL" resetval="0x0">
         <bitenum id="EN" value="1" token="Internal. Only to be used through TI provided API." description="Internal. Only to be used through TI provided API."/>
         <bitenum id="DIS" value="0" token="Internal. Only to be used through TI provided API." description="Internal. Only to be used through TI provided API."/>
      </bitfield>
      <bitfield range="" begin="5" width="1" end="5" rwaccess="RW" description="Internal. Only to be used through TI provided API." id="GLDO_EA_BIAS_DIS" resetval="0x0">
         <bitenum id="OFF" value="1" token="Internal. Only to be used through TI provided API." description="Internal. Only to be used through TI provided API."/>
         <bitenum id="ON" value="0" token="Internal. Only to be used through TI provided API." description="Internal. Only to be used through TI provided API."/>
      </bitfield>
      <bitfield range="" begin="4" width="4" end="1" rwaccess="RW" description="Internal. Only to be used through TI provided API." id="GLDO_ATBSEL" resetval="0x0">
         <bitenum id="VDDROK" value="8" token="Internal. Only to be used through TI provided API." description="Internal. Only to be used through TI provided API."/>
         <bitenum id="IB1U" value="4" token="Internal. Only to be used through TI provided API." description="Internal. Only to be used through TI provided API."/>
         <bitenum id="PASSGATE" value="2" token="Internal. Only to be used through TI provided API." description="Internal. Only to be used through TI provided API."/>
         <bitenum id="ERRAMP_OUT" value="1" token="Internal. Only to be used through TI provided API." description="Internal. Only to be used through TI provided API."/>
         <bitenum id="NC" value="0" token="Internal. Only to be used through TI provided API." description="Internal. Only to be used through TI provided API."/>
      </bitfield>
      <bitfield range="" begin="0" width="1" end="0" rwaccess="RO" description="Internal. Only to be used through TI provided API." id="RESERVED0" resetval="0x0">
      </bitfield>
   </register>
   <register acronym="PREG2" width="32" description="Internal. Only to be used through TI provided API." id="PREG2" offset="0x98">
      <bitfield range="" begin="31" width="26" end="6" rwaccess="RO" description="Internal. Only to be used through TI provided API." id="RESERVED6" resetval="0x0">
      </bitfield>
      <bitfield range="" begin="5" width="1" end="5" rwaccess="RW" description="Internal. Only to be used through TI provided API." id="RSTNMASK" resetval="0x0">
         <bitenum id="BM" value="1" token="Internal. Only to be used through TI provided API." description="Internal. Only to be used through TI provided API."/>
         <bitenum id="BNM" value="0" token="Internal. Only to be used through TI provided API." description="Internal. Only to be used through TI provided API."/>
      </bitfield>
      <bitfield range="" begin="4" width="1" end="4" rwaccess="RW" description="Internal. Only to be used through TI provided API." id="DCDC_RCHG_ATBSEL" resetval="0x0">
         <bitenum id="RCHG_BLK" value="1" token="Internal. Only to be used through TI provided API." description="Internal. Only to be used through TI provided API."/>
         <bitenum id="DCDC_GLDO" value="0" token="Internal. Only to be used through TI provided API." description="Internal. Only to be used through TI provided API."/>
      </bitfield>
      <bitfield range="" begin="3" width="4" end="0" rwaccess="RW" description="Internal. Only to be used through TI provided API." id="PMUREG_ATBSEL" resetval="0x0">
         <bitenum id="DCDC_ATEST0_RCHG_ATEST1" value="8" token="Internal. Only to be used through TI provided API." description="Internal. Only to be used through TI provided API."/>
         <bitenum id="SOCLDOI_A0" value="4" token="Internal. Only to be used through TI provided API." description="Internal. Only to be used through TI provided API."/>
         <bitenum id="RESERVED" value="2" token="Internal. Only to be used through TI provided API." description="Internal. Only to be used through TI provided API."/>
         <bitenum id="SOCLDOV_A1" value="1" token="Internal. Only to be used through TI provided API." description="Internal. Only to be used through TI provided API."/>
         <bitenum id="NC" value="0" token="Internal. Only to be used through TI provided API." description="Internal. Only to be used through TI provided API."/>
      </bitfield>
   </register>
   <register acronym="DCDCCFG" width="32" description="DCDC configuration register" id="DCDCCFG" offset="0x9c">
      <bitfield range="" begin="31" width="9" end="23" rwaccess="RO" description="Software should not rely on the value of a reserved. Writing any other value than the reset value may result in undefined behavior." id="RESERVED23" resetval="0x0">
      </bitfield>
      <bitfield range="" begin="22" width="7" end="16" rwaccess="RW" description="DCDC load meter high threshold value for adaptive IPEAK adjustment. DCDC load meter output is in percentage scale so the applicable values are &#39;d1 to &#39;d100. Values from &#39;d101 to &#39;d127 are invalid and not to be used." id="LM_HIGHTH" resetval="0x0">
      </bitfield>
      <bitfield range="" begin="15" width="1" end="15" rwaccess="RO" description="Software should not rely on the value of a reserved. Writing any other value than the reset value may result in undefined behavior." id="RESERVED15" resetval="0x0">
      </bitfield>
      <bitfield range="" begin="14" width="7" end="8" rwaccess="RW" description="DCDC load meter low threshold value for adaptive IPEAK adjustment. DCDC load meter output is in percentage scale so the applicable values are &#39;d1 to &#39;d100. Values from &#39;d101 to &#39;d127 are invalid and not to be used." id="LM_LOWTH" resetval="0x0">
      </bitfield>
      <bitfield range="" begin="7" width="3" end="5" rwaccess="RO" description="Software should not rely on the value of a reserved. Writing any other value than the reset value may result in undefined behavior." id="RESERVED5" resetval="0x0">
      </bitfield>
      <bitfield range="" begin="4" width="1" end="4" rwaccess="RW" description="This bit is used to enable adaptive IPEAK adjustment scheme in hardware. When this bit is set, DCDC IPEAK value is automatically adjusted to suitable value by sensing the DCDC load meter output for better DCDC operational efficiency." id="ADP_IPEAK_EN" resetval="0x0">
         <bitenum id="EN" value="1" token="Enable" description="Enable"/>
         <bitenum id="DIS" value="0" token="Disable" description="Disable"/>
      </bitfield>
      <bitfield range="" begin="3" width="3" end="1" rwaccess="RO" description="Software should not rely on the value of a reserved. Writing any other value than the reset value may result in undefined behavior." id="RESERVED1" resetval="0x0">
      </bitfield>
      <bitfield range="" begin="0" width="1" end="0" rwaccess="RW" description="This bit is used to enable DCDC load meter. Software can obtain DCDC load meter value from DCDCSTAT regiser and adjust IPEAK setting in SYS0.TDCDC register accordingly." id="LMEN" resetval="0x0">
         <bitenum id="EN" value="1" token="Enable" description="Enable"/>
         <bitenum id="DIS" value="0" token="Disable" description="Disable"/>
      </bitfield>
   </register>
   <register acronym="DCDCSTAT" width="32" description="DCDC status register" id="DCDCSTAT" offset="0xa0">
      <bitfield range="" begin="31" width="21" end="11" rwaccess="RO" description="Software should not rely on the value of a reserved. Writing any other value than the reset value may result in undefined behavior." id="RESERVED11" resetval="0x0">
      </bitfield>
      <bitfield range="" begin="10" width="3" end="8" rwaccess="RO" description="DCDC IPEAK value. This value is same as what is programmed in SYS0:TMUTE4.IPEAK when adaptive IPEAK adjustment scheme is not enabled, and it shows current IPEAK value applied by hardware when adaptive IPEAK adjustment scheme is enabled.
Note: Software can only support IPEAK = 1" id="IPEAK" resetval="0x0">
      </bitfield>
      <bitfield range="" begin="7" width="1" end="7" rwaccess="RO" description="Software should not rely on the value of a reserved. Writing any other value than the reset value may result in undefined behavior." id="RESERVED7" resetval="0x0">
      </bitfield>
      <bitfield range="" begin="6" width="7" end="0" rwaccess="RO" description="This indicates DCDC load meter output value in percentage scale. 
Applicable range is &#39;d1 to &#39;d100." id="LOAD" resetval="0x0">
      </bitfield>
   </register>
</module>
