<?xml version="1.0" encoding="utf-8"?>

<!-- EMULATOR: tms320c75xx - C75xx                       -->
<!-- PROCESSOR ID: PROCID 0x5001d7f8 - (320,0x75,127,0) -->

<!-- File name is based upon the PROCID assigned to the ISA    -->
<!-- Root node for all TPI data.  id is just the PROCID in hex -->

<tpi_info id="tpi">
    
    <machine_info id="machine" 
        target_name="C75xx" 
        size_char="8" 
        size_short="16" 
        size_enum="32" 
        size_int="32" 
        size_long="64" 
        size_void_ptr="64" 
        size_data8="8" 
        size_data16="16" 
        size_data24="24" 
        size_data32="32" 
        size_data40="40" 
        size_data48="48" 
        size_data64="64" 
        size_far_ptr="64" 
        size_near_ptr="0" 
        size_long_long="64" 
        size_float="32" 
        size_ieee="32" 
        size_double="64" 
        size_ieee_double="64" 
        size_long_double="64" 
        eff_size_long="64" 
	is_cycle_step="1"
	default_page="0">
        
        <!--- List of all magic numbers supported by this ISA -->
        <elfs id="elf_numbers">
            <!-- id = index, magic_num = number in hex -->
            <elf id="0" elf_num="91" />
        </elfs>
        
        <!-- List of all page descriptors for this ISA -->
        <!-- id              = index of the entry in the list -->
        <!-- page_name       = the text name of the page -->
        <!-- page_endian     = the endianess of the page BIG and LITTLE supported -->
        <!-- page_addr_unit  = Size in bits the addressable unit used for this page. Bus Bits index = [page][0]  -->
        <!-- page_short_word = Size in bits of a memory value cast as a 'C' short.   Bus Bits index = [page][1]  -->
        <!-- page_word       = Size in bits of a memory value cast as a 'C' int.     Bus Bits index = [page][2]  -->
        <!-- page_long_word  = Size in bits of a memory value cast as a 'C' long.    Bus Bits index = [page][3]  -->
        <!-- page_rdc_addr   = Size in bits the address used for reduced addr mode.  Bus Bits index = [page][4]  -->
        <!-- page_addr       = Size in bits the address used for memory access.      Bus Bits index = [page][5]  -->
        <!-- page_ext_addr   = Size in bits the address for extended addr mode.      Bus Bits index = [page][6]  -->		
	<pages id="mem_pages">           
            <page id="0" 
                page_name="Memory" 
                page_endian="DUAL" 
                page_addr_unit="8" 
                page_short_word="16" 
                page_word="32" 
                page_long_word="64" 
                page_rdc_addr="64" 
                page_addr="64" 
		page_ext_addr="64" />
        </pages>

        <!-- List of register address and value sizes for this ISA -->
        <sets id="reg_sets">
            <set id="0" 
                reg_addr_unit="64" 
                reg_short_word="64" 
                reg_word="64" 
                reg_long_word="64" 
                reg_rdc_addr="64" 
                reg_addr="64" 
		reg_ext_addr="64" />
        </sets>

        <!-- dwarf register maps -->
	<dwarf_regmap id = "regmaps"> 
               <map id="0" name="A0"/>
               <map id="1" name="A1"/>
               <map id="2" name="A2"/>
               <map id="3" name="A3"/>
               <map id="4" name="A4"/>
               <map id="5" name="A5"/>
               <map id="6" name="A6"/>
               <map id="7" name="A7"/>
               <map id="8" name="A8"/>
               <map id="9" name="A9"/>
               <map id="10" name="A10"/>
               <map id="11" name="A11"/>
               <map id="12" name="A12"/>
               <map id="13" name="A13"/>
               <map id="14" name="A14"/>
               <map id="15" name="A15"/>
               <map id="16" name="AL0"/>
               <map id="17" name="AL1"/>
               <map id="18" name="AL2"/>
               <map id="19" name="AL3"/>
               <map id="20" name="AL4"/>
               <map id="21" name="AL5"/>
               <map id="22" name="AL6"/>
               <map id="23" name="AL7"/>
               <map id="144" name="AL8"/>
               <map id="145" name="AL9"/>
               <map id="146" name="AL10"/>
               <map id="147" name="AL11"/>
               <map id="148" name="AL12"/>
               <map id="149" name="AL13"/>
               <map id="150" name="AL14"/>
               <map id="151" name="AL15"/>
               <map id="24" name="AM0"/>
               <map id="25" name="AM1"/>
               <map id="26" name="AM2"/>
               <map id="27" name="AM3"/>
               <map id="28" name="AM4"/>
               <map id="29" name="AM5"/>
               <map id="30" name="AM6"/>
               <map id="31" name="AM7"/>
               <map id="152" name="AM8"/>
               <map id="153" name="AM9"/>
               <map id="154" name="AM10"/>
               <map id="155" name="AM11"/>
               <map id="156" name="AM12"/>
               <map id="157" name="AM13"/>
               <map id="158" name="AM14"/>
               <map id="159" name="AM15"/>
               <map id="48" name="VB0"/>
               <map id="49" name="VB1"/>
               <map id="50" name="VB2"/>
               <map id="51" name="VB3"/>
               <map id="52" name="VB4"/>
               <map id="53" name="VB5"/>
               <map id="54" name="VB6"/>
               <map id="55" name="VB7"/>
               <map id="56" name="VB8"/>
               <map id="57" name="VB9"/>
               <map id="58" name="VB10"/>
               <map id="59" name="VB11"/>
               <map id="60" name="VB12"/>
               <map id="61" name="VB13"/>
               <map id="62" name="VB14"/>
               <map id="63" name="VB15"/>
               <map id="72" name="VBL0"/>
               <map id="73" name="VBL1"/>
               <map id="74" name="VBL2"/>
               <map id="75" name="VBL3"/>
               <map id="76" name="VBL4"/>
               <map id="77" name="VBL5"/>
               <map id="78" name="VBL6"/>
               <map id="79" name="VBL7"/>
               <map id="88" name="VBM0"/>
               <map id="89" name="VBM1"/>
               <map id="90" name="VBM2"/>
               <map id="91" name="VBM3"/>
               <map id="92" name="VBM4"/>
               <map id="93" name="VBM5"/>
               <map id="94" name="VBM6"/>
               <map id="95" name="VBM7"/>
               <map id="96" name="D0"/>
               <map id="97" name="D1"/>
               <map id="98" name="D2"/>
               <map id="99" name="D3"/>
               <map id="100" name="D4"/>
               <map id="101" name="D5"/>
               <map id="102" name="D6"/>
               <map id="103" name="D7"/>
               <map id="104" name="D8"/>
               <map id="105" name="D9"/>
               <map id="106" name="D10"/>
               <map id="107" name="D11"/>
               <map id="108" name="D12"/>
               <map id="109" name="D13"/>
               <map id="110" name="D14"/>
               <map id="111" name="D15"/>
               <map id="112" name="P0"/>
               <map id="113" name="P1"/>
               <map id="114" name="P2"/>
               <map id="115" name="P3"/>
               <map id="116" name="P4"/>
               <map id="117" name="P5"/>
               <map id="118" name="P6"/>
               <map id="119" name="P7"/>
               <map id="128" name="CUCR0"/>
               <map id="129" name="CUCR1"/>
               <map id="130" name="CUCR2"/>
               <map id="131" name="CUCR3"/>
               <map id="132" name="CUCR4"/>
               <map id="133" name="CUCR5"/>
               <map id="134" name="CUCR6"/>
               <map id="135" name="CUCR7"/>
               <map id="4096" name="CPUID"/>
               <map id="4097" name="PMR"/>
               <map id="4098" name="DNUM"/>
               <map id="4099" name="TSC"/>
               <map id="4100" name="TSR"/>
               <map id="4101" name="RP"/>
               <map id="4102" name="BPCR"/>
               <map id="4103" name="FPCR"/>
               <map id="4104" name="FSR"/>
               <map id="4105" name="ECLMR"/>
               <map id="4106" name="EASGR"/>
               <map id="4107" name="EPRI"/>
               <map id="4108" name="EER"/>
               <map id="4109" name="EESET"/>
               <map id="4110" name="EECLR"/>
               <map id="4111" name="DEPR"/>
               <map id="4112" name="EFR"/>
               <map id="4113" name="EFSET"/>
               <map id="4114" name="EFCLR"/>
               <map id="4115" name="IESET"/>
               <map id="4116" name="ESTP_SS"/>
               <map id="4117" name="ESTP_S"/>
               <map id="4118" name="ESTP_GS"/>
               <map id="4119" name="EDR"/>
               <map id="4120" name="ECSP_SS"/>
               <map id="4121" name="ECSP_S"/>
               <map id="4122" name="ECSP_GS"/>
               <map id="4123" name="TCSP"/>
               <map id="4124" name="RXMR_SS"/>
               <map id="4125" name="RXMR_S"/>
               <map id="4126" name="AHPEE"/>
               <map id="4127" name="PHPEE"/>
               <map id="4128" name="IEBER"/>
               <map id="4129" name="IERR"/>
               <map id="4130" name="IEAR"/>
               <map id="4131" name="IESR"/>
               <map id="4132" name="IEDR"/>
               <map id="4133" name="TCR"/>
               <map id="4134" name="TCCR"/>
               <map id="4135" name="GMER"/>
               <map id="4136" name="UMER"/>
               <map id="4137" name="SPBR"/>
               <map id="4138" name="LTBR0"/>
               <map id="4139" name="LTBR1"/>
               <map id="4140" name="LTBR2"/>
               <map id="4141" name="LTBR3"/>
               <map id="4142" name="LTCR0"/>
               <map id="4143" name="LTCR1"/>
               <map id="4144" name="LTCR2"/>
               <map id="4145" name="LTCR3"/>
               <map id="4146" name="LTER"/>
               <map id="4147" name="DBGCTXT"/>
               <map id="4148" name="PC_PROF"/>
               <map id="4149" name="GPLY"/>
               <map id="4150" name="GFPGFR"/>
               <map id="4151" name="GTSC"/>
               <map id="4152" name="STSC"/>
               <map id="4320" name="ILTCR"/>
               <map id="4321" name="HWACTRL"/>
               <map id="4322" name="ILTER"/>
               <map id="4347" name="SCRB"/>
               <map id="4348" name="LCNTFLG"/>
               <map id="4349" name="OLCNT"/>
               <map id="4350" name="ILCNT"/>
               <map id="4351" name="PC"/>
               <map id="111" name="SP"/>
        </dwarf_regmap>

    </machine_info>
	
    <!-- Interfaces exported by the TPI -->
    <interface_info id="interface">
        
        <ctpidasm id="dasm" 
            dll="disassemble_c70" 
            generic="false" 
            db="" 
            size_bis="32" 
			page_endian="DUAL"
			endian_mode_is_static="true">
			
			<status_register id="status"
				name="TSR"
				address="0"
				size="1"
				type="DSP_REG_MEM"/>
	</ctpidasm>
        <ctpistep id="step" 
            dll="step_c71" />

        <intprops id="iprops" 
            isa_type="800" 
            isa_variant="1" />

        <boolprops id="bprops" 
            disp_baddr="true" 
            no_fp_header="false" 
            single_mode="false" 
            venc_mode="false" 
            cortexm3="false" 
            thumb="false" 
            ual="false" 
            ld3_hex="false" 
            ld3_r35="false" 
            ld3_algebraic="false" 
            ld3_is_vector="false" 
            msp_is_mspx="false" />
        
    </interface_info>
	
	
    
</tpi_info>
