<?xml version="1.0" encoding="UTF-8"?>
<module id="LRFDS2R" HW_revision="" XML_version="1.0" description="" xmlns:xsi="http://www.w3.org/2001/XMLSchema-instance" xsi:noNamespaceSchemaLocation="setup_parser.xsd">
   <register acronym="CFG" width="32" description="Internal. Only to be used through TI provided API." id="CFG" offset="0x0">
      <bitfield range="" begin="31" width="26" end="6" rwaccess="RO" description="Internal. Only to be used through TI provided API." id="RESERVED6" resetval="0x0">
      </bitfield>
      <bitfield range="" begin="5" width="1" end="5" rwaccess="RW" description="Internal. Only to be used through TI provided API." id="LAST0" resetval="0x0">
         <bitenum id="EN" value="1" token="Internal. Only to be used through TI provided API." description="Internal. Only to be used through TI provided API."/>
         <bitenum id="DIS" value="0" token="Internal. Only to be used through TI provided API." description="Internal. Only to be used through TI provided API."/>
      </bitfield>
      <bitfield range="" begin="4" width="2" end="3" rwaccess="RW" description="Internal. Only to be used through TI provided API." id="TRIGMODE" resetval="0x0">
         <bitenum id="ONEVENT" value="2" token="Internal. Only to be used through TI provided API." description="Internal. Only to be used through TI provided API."/>
         <bitenum id="PERIODIC" value="1" token="Internal. Only to be used through TI provided API." description="Internal. Only to be used through TI provided API."/>
         <bitenum id="ONESHOT" value="0" token="Internal. Only to be used through TI provided API." description="Internal. Only to be used through TI provided API."/>
      </bitfield>
      <bitfield range="" begin="2" width="2" end="1" rwaccess="RW" description="Internal. Only to be used through TI provided API." id="SEL" resetval="0x0">
         <bitenum id="DECSTAGE" value="3" token="Internal. Only to be used through TI provided API." description="Internal. Only to be used through TI provided API."/>
         <bitenum id="FRONTEND" value="2" token="Internal. Only to be used through TI provided API." description="Internal. Only to be used through TI provided API."/>
         <bitenum id="ADCDIG" value="1" token="Internal. Only to be used through TI provided API." description="Internal. Only to be used through TI provided API."/>
         <bitenum id="SYNTH" value="0" token="Internal. Only to be used through TI provided API." description="Internal. Only to be used through TI provided API."/>
      </bitfield>
      <bitfield range="" begin="0" width="1" end="0" rwaccess="RW" description="Internal. Only to be used through TI provided API." id="CTL" resetval="0x0">
         <bitenum id="EN" value="1" token="Internal. Only to be used through TI provided API." description="Internal. Only to be used through TI provided API."/>
         <bitenum id="DIS" value="0" token="Internal. Only to be used through TI provided API." description="Internal. Only to be used through TI provided API."/>
      </bitfield>
   </register>
   <register acronym="START" width="32" description="Internal. Only to be used through TI provided API." id="START" offset="0x4">
      <bitfield range="" begin="31" width="19" end="13" rwaccess="RO" description="Internal. Only to be used through TI provided API." id="RESERVED13" resetval="0x0">
      </bitfield>
      <bitfield range="" begin="12" width="13" end="0" rwaccess="RW" description="Internal. Only to be used through TI provided API." id="ADDR" resetval="0x0">
         <bitenum id="ALLONES" value="8191" token="Internal. Only to be used through TI provided API." description="Internal. Only to be used through TI provided API."/>
         <bitenum id="ALLZEROS" value="0" token="Internal. Only to be used through TI provided API." description="Internal. Only to be used through TI provided API."/>
      </bitfield>
   </register>
   <register acronym="STOP" width="32" description="Internal. Only to be used through TI provided API." id="STOP" offset="0x8">
      <bitfield range="" begin="31" width="19" end="13" rwaccess="RO" description="Internal. Only to be used through TI provided API." id="RESERVED13" resetval="0x0">
      </bitfield>
      <bitfield range="" begin="12" width="13" end="0" rwaccess="RW" description="Internal. Only to be used through TI provided API." id="ADDR" resetval="0x0">
         <bitenum id="ALLONES" value="8191" token="Internal. Only to be used through TI provided API." description="Internal. Only to be used through TI provided API."/>
         <bitenum id="ALLZEROS" value="0" token="Internal. Only to be used through TI provided API." description="Internal. Only to be used through TI provided API."/>
      </bitfield>
   </register>
   <register acronym="STAT" width="32" description="Internal. Only to be used through TI provided API." id="STAT" offset="0xc">
      <bitfield range="" begin="31" width="4" end="28" rwaccess="RO" description="Internal. Only to be used through TI provided API." id="RESERVED28" resetval="0x0">
      </bitfield>
      <bitfield range="" begin="27" width="12" end="16" rwaccess="RO" description="Internal. Only to be used through TI provided API." id="ADDRCNT" resetval="0xfff">
         <bitenum id="ALLONES" value="4095" token="Internal. Only to be used through TI provided API." description="Internal. Only to be used through TI provided API."/>
         <bitenum id="ALLZEROS" value="0" token="Internal. Only to be used through TI provided API." description="Internal. Only to be used through TI provided API."/>
      </bitfield>
      <bitfield range="" begin="15" width="15" end="1" rwaccess="RO" description="Internal. Only to be used through TI provided API." id="RESERVED1" resetval="0x0">
      </bitfield>
      <bitfield range="" begin="0" width="1" end="0" rwaccess="RO" description="Internal. Only to be used through TI provided API." id="RUNNING" resetval="0x0">
         <bitenum id="TRUE" value="1" token="Internal. Only to be used through TI provided API." description="Internal. Only to be used through TI provided API."/>
         <bitenum id="FALSE" value="0" token="Internal. Only to be used through TI provided API." description="Internal. Only to be used through TI provided API."/>
      </bitfield>
   </register>
   <register acronym="TRIG" width="32" description="Internal. Only to be used through TI provided API." id="TRIG" offset="0x10">
      <bitfield range="" begin="31" width="31" end="1" rwaccess="RO" description="Internal. Only to be used through TI provided API." id="RESERVED1" resetval="0x0">
      </bitfield>
      <bitfield range="" begin="0" width="1" end="0" rwaccess="WO" description="Internal. Only to be used through TI provided API." id="TRIG" resetval="0x0">
         <bitenum id="ARM" value="1" token="Internal. Only to be used through TI provided API." description="Internal. Only to be used through TI provided API."/>
         <bitenum id="NO_EFFECT" value="0" token="Internal. Only to be used through TI provided API." description="Internal. Only to be used through TI provided API."/>
      </bitfield>
   </register>
</module>
