{
  "id": "cortex-watchpoint",
  "name": "Hardware Watchpoint",
  "devices": [
    {
      "family": "470",
      "subFamily": "^(9|12|21|83|13|14|10|51)$",
	  "comment - subFamily names": "9=A9,12=A8,21=A15,83=A53,13=R5,14=M3/M4,10=M0,51=M33",
      "revision": ".*"
    }
  ],
  "instances": [
    {
      "type": 1,
      "defaults": [
        {
          "id": "Hardware Configuration.Type",
          "value": "Watchpoint"
        }
      ],
      "properties": [
        {
          "type": "string",
          "id": "Hardware Configuration.Type.Location",
          "label": "Location",
          "placeHolder": "Enter location to watch",
          "helpText": "The memory location to watch, it can be a memory address or a symbol",
          "isCommon": true
        },
        {
          "type": "select",
          "id": "Hardware Configuration.Type.Memory",
          "label": "Access Type",
          "helpText": "Watch access type",
          "selectOptions": [
            "Read",
            "Write",
            "Any"
          ],
          "defaultValue": "Read",
          "isCommon": true
        }
      ],
      "presentation": {
        "mainPropertyId": "Hardware Configuration.Type.Location",
        "infoPropertyId": "Hardware Configuration.Type.Memory"
      }
    }
  ],
  "capabilities": {
    "menu": true
  }
}
