<?xml version="1.0"?>
<drivers id="tixds510sec_ap">
    <isa Type="SEC_AP" ProcID="0x38400004">
        <driver file="../../../emulation/drivers/libtixds510sec_ap.so">
            <connectionType Type="TIXDS510"/>
            <connectionType Type="TIXDS110"/>
            <connectionType Type="TIXDS100v2"/>
            <property Name="Access Port Designator" Type="numericfield" Value="0x02000003" NumericType="HEX" UpperBound="0xFFFFFFFF" LowerBound="0" ID="device.identify"/>
            <property Type="hiddenfield" Value="" id="C29 SEC-AP port" />
            <property Type="hiddenfield" Value="" id="C29 SEC-AP version" />
        </driver>
    </isa>
</drivers>
