<?xml version="1.0"?>

<!-- This is a USCIF35 compatible XML.                        -->
<!-- Copyright (c) 2014-2019, Texas Instruments Incorporated. -->

<connection id="TIXDS110" desc="Texas Instruments XDS110 USB Debug Probe" class="185076">

    <connectionType Type="TIXDS110"/>
    <property Name="Diagnostic Command" Type="hiddenfield" Value="%ccs_base%/common/uscif/dbgjtag -f %boarddatafile% -rv -o -S integrity" ID="DiagnosticCommand"/>
    <property Name="Debug Probe Filename" Type="hiddenfield" Value="libjioxds110.so" ID="SEPK.POD_DRVR"/>
    <property Name="Debug Probe Selection" Type="choicelist" Value="0" ID="SEPK.POD_PORT">
        <choice Name="Only one XDS110 installed" value="0">
        </choice>
        <choice Name="Select by serial number"   value="0">
            <property Name="-- Enter the serial number" Type="stringfield" Value="Use xdsdfu to get or set serial number" ID="SEPK.POD_SERIAL"/>
        </choice>
    </property>
    <property id="Power Selection" Name="Power Selection" Type="choicelist" Value="0" ID="SEPK.POD_SUPPLY">
        <choice Name="Target supplied power" value="0">
            <property id="Voltage Selection" Name="Voltage level" Type="choicelist" Value="0" ID="SEPK.POD_VOLTAGE_SELECTION">
                <choice Name="Default" value="0">
                    <property id="Voltage Level" Name="" Type="hiddenfield" Value="0" ID="SEPK.POD_VOLTAGE"/>
                </choice>
                <choice Name="User specified value" value="1">
                    <property id="Voltage Level" Name="--Enter voltage (1.8V to 3.6V)" Type="stringfield" Value="" ID="SEPK.POD_VOLTAGE"/>
                </choice>
            </property>
        </choice>
        <choice Name="Probe supplied power" value="1">
            <property id="Voltage Selection" Name="Voltage level" Type="hiddenfield" Value="1" ID="SEPK.POD_VOLTAGE_SELECTION"/>
            <property id="Voltage Level" Name="--Enter voltage (1.8V to 3.6V)" Type="stringfield" Value="" ID="SEPK.POD_VOLTAGE"/>
            <property id="Power Isolation" Name="Power Isolation" Type="choicelist" Value="0" ID="SEPK.POD_POWER_ISOLATE">
                <choice Name="Remove power at final disconnect" value="0"/>
                <choice Name="Keep power at final disconnect" value="1"/>
            </property>
        </choice>
    </property>
    <property Name="Title" Type="hiddenfield" Value="Texas Instruments XDS110 USB" ID="PRODUCT.TITLE"/>
    <property Name="Alias" Type="hiddenfield" Value="TI_XDS110_USB" ID="PRODUCT.ALIAS"/>
    <property Name="Name" Type="hiddenfield" Value="XDS110" ID="PRODUCT.NAME"/>
    <property Name="TMS/TDO Output Timing" Type="hiddenfield" Value="FALL" ID="USCIF.TDOEDGE"/>
    <property Name="The JTAG TCLK Frequency (MHz)" Type="choicelist" Value="0" ID="USCIF.TCLK_PROGRAM">
        <choice id="Fixed default 2.5MHz frequency" Name="Fixed default 5.5MHz frequency" value="DEFAULT">
            <property Name="unused" Type="hiddenfield" Value="5.5MHz" ID="USCIF.TCLK_FREQUENCY"/>
        </choice>
        <choice Name="Fixed with user specified value" value="SPECIFIC">
            <property id="-- Enter a value from 100.0kHz to 2.5MHz" Name="-- Enter a value from 100.0kHz to 5.5MHz" Type="stringfield" Value="5.5MHz" ID="USCIF.TCLK_FREQUENCY"/>
        </choice>
        <choice Name="Fixed with user selected faster value" value="SPECIFIC">
            <property id="Select TCK Setting" Name="-- Select the TCK frequency setting" Type="choicelist" Value="0" ID="USCIF.TCLK_FREQUENCY">
                <choice Name="Fixed 14.0MHz frequency" value="0">
                    <property Name="unused" Type="hiddenfield" Value="14.0MHz" ID="USCIF.TCLK_FREQUENCY"/>
                </choice>
                <choice Name="Fixed 12.0MHz frequency" value="1">
                    <property Name="unused" Type="hiddenfield" Value="12.0MHz" ID="USCIF.TCLK_FREQUENCY"/>
                </choice>
                <choice Name="Fixed 10.0MHz frequency" value="2">
                    <property Name="unused" Type="hiddenfield" Value="10.0MHz" ID="USCIF.TCLK_FREQUENCY"/>
                </choice>
                <choice Name="Fixed 8.5MHz frequency" value="3">
                    <property Name="unused" Type="hiddenfield" Value="8.5MHz" ID="USCIF.TCLK_FREQUENCY"/>
                </choice>
                <choice Name="Fixed 5.5MHz frequency" value="4">
                    <property Name="unused" Type="hiddenfield" Value="5.5MHz" ID="USCIF.TCLK_FREQUENCY"/>
                </choice>
            </property>
        </choice>
    </property>
    <property Name="JTAG Signal Isolation" Type="choicelist" Value="1" ID="USCIF.JTAG_ISOLATE">
        <choice Name="Don't isolate JTAG signals at final disconnect" value="disable" />
        <choice Name="Do isolate JTAG signals at final disconnect" value="enable" />
    </property>
    <property id="SWD Mode Settings" desc="JTAG / SWD / cJTAG Mode" Type="choicelist" Value="0" ID="DOT7.DTS_USAGE">
        <choice Name="JTAG (1149.1), SWD and cJTAG are disabled" value="nothing">
            <property id="SWD Debug" desc="" Type="hiddenfield" Value="disabled" ID="SWD.SWD_DEBUG" />
            <property id="SWO Data"  desc="" Type="hiddenfield" Value="aux_uart" ID="SWD.SWO_DATA" />
          </choice>
        <choice Name="SWD Mode - Aux COM port is target UART port" value="nothing">
            <property id="SWD Debug" desc="" Type="hiddenfield" Value="enabled" ID="SWD.SWD_DEBUG" />
            <property id="SWO Data"  desc="" Type="hiddenfield" Value="aux_uart" ID="SWD.SWO_DATA" />
        </choice>
        <choice Name="SWD Mode - Aux COM port is target TDO pin" value="nothing">
            <property id="SWD Debug" desc="" Type="hiddenfield" Value="enabled" ID="SWD.SWD_DEBUG" />
            <property id="SWO Data"  desc="" Type="hiddenfield" Value="tdo_pin" ID="SWD.SWO_DATA" />
        </choice>
        <choice Name="cJTAG (1149.7) 4-pin standard mode" value="enable">
            <property Name="The Converter Type" Type="hiddenfield" Value="xds110" ID="DOT7.DTS_TYPE" />
            <property Name="The Debug Probe Clock" Type="hiddenfield" Value="emulator" ID="DOT7.DTS_PROGRAM" />
            <property Name="The Converter 1149.7 Frequency Value" Type="hiddenfield" Value="1.0MHz" ID="DOT7.DTS_FREQUENCY" />
            <property Name="The Target Scan Format" Type="hiddenfield" Value="jscan0" ID="DOT7.TS_FORMAT" />
            <property Name="The Target Pin Width" Type="hiddenfield" Value="all_four" ID="DOT7.TS_PIN_WIDTH" />
            <property id="SWD Debug" desc="" Type="hiddenfield" Value="disabled" ID="SWD.SWD_DEBUG" />
            <property id="SWO Data"  desc="" Type="hiddenfield" Value="aux_uart" ID="SWD.SWO_DATA" />
        </choice>
        <choice Name="cJTAG (1149.7) 2-pin advanced modes" value="enable">
            <property Name="The Converter Type" Type="hiddenfield" Value="xds110" ID="DOT7.DTS_TYPE"/>
            <property Name="The Debug Probe Clock" Type="hiddenfield" Value="emulator" ID="DOT7.DTS_PROGRAM"/>
            <property Name="The Converter 1149.7 Frequency Value" Type="hiddenfield" Value="1.0MHz"  ID="DOT7.DTS_FREQUENCY"/>
            <property Name="Target Scan Format" Type="choicelist" Value="1" ID="DOT7.TS_FORMAT">
                <choice Name="OSCAN1 format - non-adaptive scans" value="oscan1"/>
                <choice Name="OSCAN2 format - faster transitions" value="oscan2"/>
            </property>
            <property Name="The Target Pin Width" Type="hiddenfield" Value="only_two" ID="DOT7.TS_PIN_WIDTH" />
            <property id="SWD Debug" desc="" Type="hiddenfield" Value="disabled" ID="SWD.SWD_DEBUG" />
            <property id="XDS110 Aux Port" desc="Auxiliary COM Port Connection" Type="choicelist" Value="0" ID="SWD.SWO_DATA">
                <choice Name="Aux COM port is target UART port" value="aux_uart" />
                <choice Name="Aux COM port is target TDO pin" value="tdo_pin" />
            </property>
        </choice>
    </property>
    <property Name="UART Baud Rate Threshold For DMA" Type="stringfield" Value="115200" ID="USCIF.UART_BAUD_RATE_THRESHOLD" />
    <property Name="Dual UART For Radar" Type="hiddenfield" Value="yes" ID="USCIF.DUAL_UART_FOR_RADAR" />
    <property Name= "SWJ-DP default mode" id="SWD.SWJ_DP_DEFAULT_MODE" desc="Default mode of the SWJ-DP" Type="hiddenfield" Value="0">
        <choice Name="JTAG" value="0" />
        <choice Name="DORMANT" value="1" />
    </property>
    <property Name="Apply pin reset" id="SWD.APPY_PIN_RESET_DORMANT_WAKEUP" desc="Apply pin reset when waking up from the dormant state" Type="hiddenfield" Value="0">
        <choice Name="no" value="0" />
        <choice Name="yes" value="1" />
    </property>
</connection>
